<?xml version="1.0" encoding="UTF-8"?>
<results version="2">
    <cppcheck version="2.12.0"/>
    <errors>
        <error id="missingInclude" severity="information" msg="Include file: &amp;quot;mbed.h&amp;quot; not found." verbose="Include file: &amp;quot;mbed.h&amp;quot; not found." sinceDate="M/d/yyyy">
            <location file="Project1\Module6\Code6\src\DS1631.cpp" line="5"/>
        </error>
        <error id="missingInclude" severity="information" msg="Include file: &amp;quot;DS1631.h&amp;quot; not found." verbose="Include file: &amp;quot;DS1631.h&amp;quot; not found." sinceDate="M/d/yyyy">
            <location file="Project1\Module6\Code6\src\DS1631.cpp" line="6"/>
        </error>
        <error id="missingIncludeSystem" severity="information" msg="Include file: &amp;lt;stdio.h&amp;gt; not found. Please note: Cppcheck does not need standard library headers to get proper results." verbose="Include file: &amp;lt;stdio.h&amp;gt; not found. Please note: Cppcheck does not need standard library headers to get proper results." sinceDate="M/d/yyyy">
            <location file="Project1\Module6\Code6\src\Monitor.cpp" line="30"/>
        </error>
        <error id="cstyleCast" severity="style" msg="C-style pointer casting" verbose="C-style pointer casting detected. C++ offers four different kinds of casts as replacements: static_cast, const_cast, dynamic_cast and reinterpret_cast. A C-style cast could evaluate to any of those automatically, thus it is considered safer if the programmer explicitly states which kind of cast is expected." cwe="398" file0="Project1/Module6/Code6/src/Monitor.cpp" sinceDate="M/d/yyyy">
            <location file="Project1\Module6\Code6\src\Monitor.cpp" line="401"/>
        </error>
        <error id="variableScope" severity="style" msg="The scope of the variable &amp;#039;j&amp;#039; can be reduced." verbose="The scope of the variable &amp;#039;j&amp;#039; can be reduced. Warning: Be careful when fixing this message, especially when there are inner loops. Here is an example where cppcheck will write that the scope for &amp;#039;i&amp;#039; can be reduced:&#10;void f(int x)&#10;{&#10;    int i = 0;&#10;    if (x) {&#10;        // it&amp;#039;s safe to move &amp;#039;int i = 0;&amp;#039; here&#10;        for (int n = 0; n &amp;lt; 10; ++n) {&#10;            // it is possible but not safe to move &amp;#039;int i = 0;&amp;#039; here&#10;            do_something(&amp;amp;i);&#10;        }&#10;    }&#10;}&#10;When you see this message it is always safe to reduce the variable scope 1 level." cwe="398" file0="Project1/Module6/Code6/src/Monitor.cpp" sinceDate="M/d/yyyy">
            <location file="Project1\Module6\Code6\src\Monitor.cpp" line="85"/>
        </error>
        <error id="unusedFunction" severity="style" msg="The function &amp;#039;is_hex&amp;#039; is never used." verbose="The function &amp;#039;is_hex&amp;#039; is never used." cwe="561" sinceDate="M/d/yyyy">
            <location file="Project1\Module6\Code6\src\Monitor.cpp" line="272"/>
        </error>
        <error id="missingInclude" severity="information" msg="Include file: &amp;quot;mbed.h&amp;quot; not found." verbose="Include file: &amp;quot;mbed.h&amp;quot; not found." sinceDate="M/d/yyyy">
            <location file="Project1\Module6\Code6\src\shared.h" line="31"/>
        </error>
        <error id="missingInclude" severity="information" msg="Include file: &amp;quot;mbed.h&amp;quot; not found." verbose="Include file: &amp;quot;mbed.h&amp;quot; not found." sinceDate="M/d/yyyy">
            <location file="Project1\Module6\Code6\src\NHD_0216HZ.cpp" line="5"/>
        </error>
        <error id="missingIncludeSystem" severity="information" msg="Include file: &amp;lt;stdarg.h&amp;gt; not found. Please note: Cppcheck does not need standard library headers to get proper results." verbose="Include file: &amp;lt;stdarg.h&amp;gt; not found. Please note: Cppcheck does not need standard library headers to get proper results." sinceDate="M/d/yyyy">
            <location file="Project1\Module6\Code6\src\NHD_0216HZ.cpp" line="6"/>
        </error>
        <error id="missingInclude" severity="information" msg="Include file: &amp;quot;NHD_0216HZ.h&amp;quot; not found." verbose="Include file: &amp;quot;NHD_0216HZ.h&amp;quot; not found." sinceDate="M/d/yyyy">
            <location file="Project1\Module6\Code6\src\NHD_0216HZ.cpp" line="7"/>
        </error>
        <error id="missingIncludeSystem" severity="information" msg="Include file: &amp;lt;stdio.h&amp;gt; not found. Please note: Cppcheck does not need standard library headers to get proper results." verbose="Include file: &amp;lt;stdio.h&amp;gt; not found. Please note: Cppcheck does not need standard library headers to get proper results." sinceDate="M/d/yyyy">
            <location file="Project1\Module6\Code6\src\UART_poll.cpp" line="49"/>
        </error>
        <error id="unusedFunction" severity="style" msg="The function &amp;#039;asc_to_hex&amp;#039; is never used." verbose="The function &amp;#039;asc_to_hex&amp;#039; is never used." cwe="561" sinceDate="M/d/yyyy">
            <location file="Project1\Module6\Code6\src\UART_poll.cpp" line="257"/>
        </error>
        <error id="missingInclude" severity="information" msg="Include file: &amp;quot;NHD_0216HZ.h&amp;quot; not found." verbose="Include file: &amp;quot;NHD_0216HZ.h&amp;quot; not found." sinceDate="M/d/yyyy">
            <location file="Project1\Module6\Code6\src\main.cpp" line="38"/>
        </error>
        <error id="missingInclude" severity="information" msg="Include file: &amp;quot;DS1631.h&amp;quot; not found." verbose="Include file: &amp;quot;DS1631.h&amp;quot; not found." sinceDate="M/d/yyyy">
            <location file="Project1\Module6\Code6\src\main.cpp" line="39"/>
        </error>
        <error id="missingInclude" severity="information" msg="Include file: &amp;quot;pindef.h&amp;quot; not found." verbose="Include file: &amp;quot;pindef.h&amp;quot; not found." sinceDate="M/d/yyyy">
            <location file="Project1\Module6\Code6\src\main.cpp" line="40"/>
        </error>
        <error id="missingInclude" severity="information" msg="Include file: &amp;quot;VortexFlow.h&amp;quot; not found." verbose="Include file: &amp;quot;VortexFlow.h&amp;quot; not found." sinceDate="M/d/yyyy">
            <location file="Project1\Module6\Code6\src\main.cpp" line="41"/>
        </error>
    </errors>
</results>
